pair_id,lang,title,url
1,en,Income Tax Basics,https://www.fbr.gov.pk/income-tax-basics/51147/61148
1,ur,انکم ٹیکس سے متعلق بنیادی معلومات,https://urdu.fbr.gov.pk/انکم-ٹیکس-سے-متعلق-بنیادی-باتیں/131444/131449
2,en,Register for Income Tax,https://fbr.gov.pk/categ/register-income-tax/51147/30846/61149
2,ur,انکم ٹیکس کے لیے رجسٹریشن,https://urdu.fbr.gov.pk/categ/انکم-ٹیکس-کے-لیے-رجسٹریشن/131444/80915/%20131526
3,en,Taxpayer Registration Basics,https://fbr.gov.pk/categ/register-income-tax/51147/30846/71148
3,ur,ٹیکس گزاروں کی رجسٹریشن کے متعلق بنیادی معلومات,https://urdu.fbr.gov.pk/categ/انکم-ٹیکس-کے-لیے-رجسٹریشن/131444/80915/%20131521
4,en,Requirements before Registration,https://fbr.gov.pk/categ/register-income-tax/51147/30846/%2071149
4,ur,رجسٹریشن سے پہلے درکار معلومات,https://urdu.fbr.gov.pk/categ/انکم-ٹیکس-کے-لیے-رجسٹریشن/131444/80915/%20131523
5,en,Registration Process,https://fbr.gov.pk/categ/register-income-tax/51147/30846/%2071150
5,ur,رجسٹریشن کا طریقہ کار,https://urdu.fbr.gov.pk/categ/انکم-ٹیکس-کے-لیے-رجسٹریشن/131444/80915/%20131524
6,en,Modification of Income Tax Registration,https://fbr.gov.pk/categ/register-income-tax/51147/30846/%2071151
6,ur,انکم ٹیکس رجسٹریشن میں تبدیلی,https://urdu.fbr.gov.pk/categ/انکم-ٹیکس-کے-لیے-رجسٹریشن/131444/80915/%20131525
7,en,Cancellation of Income Tax Registration,https://fbr.gov.pk/categ/register-income-tax/51147/30846/%2071152
7,ur,انکم ٹیکس رجسٹریشن کی تنسیخ,https://urdu.fbr.gov.pk/categ/انکم-ٹیکس-کے-لیے-رجسٹریشن/131444/80915/%20131528
8,en,Change in Particulars of Registration,https://fbr.gov.pk/categ/register-income-tax/51147/30846/%20101153
8,ur,رجسٹریشن کی تفصیلات میں تبدیلی,https://urdu.fbr.gov.pk/categ/انکم-ٹیکس-کے-لیے-رجسٹریشن/131444/80915/%20131527
9,en,Logging into Iris,https://fbr.gov.pk/categ/file-income-tax-return/51147/80860/71158
9,ur,آئی آرآئی ایس میں لاگ ان ہونا,https://urdu.fbr.gov.pk/categ/انکم-ٹیکس-کاگوشوارہ-جمع-کروائیں/131444/80919/131608
10,en,Password for Iris Login,https://fbr.gov.pk/categ/file-income-tax-return/51147/80860/%2071159
10,ur,آئی آرآئی ایس میں لاگ ان ہونے کے لیے پاس ورڈ,https://urdu.fbr.gov.pk/categ/انکم-ٹیکس-کاگوشوارہ-جمع-کروائیں/131444/80919/%20131610
11,en,Completing Income Tax Return,https://fbr.gov.pk/categ/file-income-tax-return/51147/80860/71160
11,ur,انکم ٹیکس گوشوارے کی تکمیل,https://urdu.fbr.gov.pk/categ/انکم-ٹیکس-کاگوشوارہ-جمع-کروائیں/131444/80919/%20131611
12,en,Revising Income Tax Return,https://fbr.gov.pk/categ/file-income-tax-return/51147/80860/%2071161
12,ur,انکم ٹیکس گوشواروں پر نظرثانی,https://urdu.fbr.gov.pk/categ/انکم-ٹیکس-کاگوشوارہ-جمع-کروائیں/131444/80919/%20131612
13,en,Filing Income Tax Return after Deadline,https://fbr.gov.pk/categ/file-income-tax-return/51147/80860/%2071162
13,ur,مقررہ تاریخ کے بعد انکم ٹیکس گوشوارے جمع کروانا,https://urdu.fbr.gov.pk/categ/انکم-ٹیکس-کاگوشوارہ-جمع-کروائیں/131444/80919/%20131615
14,en,Record Keeping for Income Tax Return,https://fbr.gov.pk/categ/file-income-tax-return/51147/80860/%2071163
14,ur,انکم ٹیکس گوشواروں کا ریکارڈ رکھنا,https://urdu.fbr.gov.pk/categ/انکم-ٹیکس-کاگوشوارہ-جمع-کروائیں/131444/80919/%20131617
15,en,Privacy of Personal Information,https://fbr.gov.pk/categ/file-income-tax-return/51147/80860/%2071166
15,ur,ذاتی معلومات کو صیغہ راز میں رکھنا,https://urdu.fbr.gov.pk/categ/انکم-ٹیکس-کاگوشوارہ-جمع-کروائیں/131444/80919/%20131621
16,en,Change Your Personal Details,https://fbr.gov.pk/change-your-personal-details/51147/71157
16,ur,اپنی ذاتی معلومات میں تبدیلی کریں,https://urdu.fbr.gov.pk/اپنی-ذاتی-معلومات-میں-تبدیلی-کریں/131444/131592
17,en,Active Taxpayer List ATL,https://fbr.gov.pk/categ/active-taxpayer-list-income-tax/51147/30859/71167
17,ur,فعال ٹیکس دہندہ کی فہرست اے ٹی ایل,https://urdu.fbr.gov.pk/categ/فعال-ٹیکس-دہندہ-کی-فہرست-اے-ٹی-ایل/131444/80917/131547
18,en,Inclusion in ATL,https://fbr.gov.pk/categ/active-taxpayer-list-income-tax/51147/30859/%2071168
18,ur,اے ٹی ایل میں شمولیت,https://urdu.fbr.gov.pk/categ/فعال-ٹیکس-دہندہ-کی-فہرست-اے-ٹی-ایل/131444/80917/%20131446
19,en,Check Active Taxpayer Status,https://fbr.gov.pk/categ/active-taxpayer-list-income-tax/51147/30859/%2071169
19,ur,فعال ٹیکس دہندہ کی فہرست چیک کریں,https://urdu.fbr.gov.pk/categ/فعال-ٹیکس-دہندہ-کی-فہرست-اے-ٹی-ایل/131444/80917/%20131447
20,en,Active Taxpayer Benefits,https://fbr.gov.pk/categ/active-taxpayer-list-income-tax/51147/30859/%2071170
20,ur,اے ٹی ایل فوائد,https://urdu.fbr.gov.pk/categ/فعال-ٹیکس-دہندہ-کی-فہرست-اے-ٹی-ایل/131444/80917/%20131448
21,en,Logging into efile,https://fbr.gov.pk/categ/pay-income-tax/51147/40850/81156
21,ur,ای فائل میں لاگ ان ہوں,https://urdu.fbr.gov.pk/categ/انکم-ٹیکس-ادا-کریں/131444/80920/131623
22,en,e-Payments,https://fbr.gov.pk/categ/pay-income-tax/51147/40850/%2081157
22,ur,e-Payments,https://urdu.fbr.gov.pk/categ/انکم-ٹیکس-ادا-کریں/131444/80920/%20131625
23,en,Computerized Payment Receipt CPR,https://fbr.gov.pk/categ/pay-income-tax/51147/40850/%2081158
23,ur,ادائیگیوں کی کمپیوٹرائزڈ رسید CPR,https://urdu.fbr.gov.pk/categ/انکم-ٹیکس-ادا-کریں/131444/80920/%20131627
24,en,Payment of Income Tax through Alternate Delivery Channels ADC,https://fbr.gov.pk/categ/pay-income-tax/51147/40850/%2081159
24,ur,متبادل ذرائع سے انکم ٹیکس کی ادائیگی ADC,https://urdu.fbr.gov.pk/categ/انکم-ٹیکس-ادا-کریں/131444/80920/%20131628
25,en,Penalty for Late Payment,https://fbr.gov.pk/categ/pay-income-tax/51147/40850/%2081160
25,ur,تاخیر سے ادائیگی پر جرمانہ,https://urdu.fbr.gov.pk/categ/انکم-ٹیکس-ادا-کریں/131444/80920/%20131629
26,en,Surcharge Payment ATL,https://fbr.gov.pk/categ/pay-income-tax/51147/40850/%20132135
26,ur,جرمانے کی ادائیگی فعال ٹیکس گزاروں کی فہرست ATL,https://urdu.fbr.gov.pk/categ/انکم-ٹیکس-ادا-کریں/131444/80920/%20132163
27,en,Income Tax Due Dates,https://fbr.gov.pk/categ/income-tax-due-dates/51147/40846/81148
27,ur,انکم ٹیکس کی مقررہ تاریخیں,https://urdu.fbr.gov.pk/categ/انکم-ٹیکس-کی-مقررہ-تاریخیں/131444/80921/131632
28,en,Tax Period for Income Tax Return,https://fbr.gov.pk/categ/income-tax-due-dates/51147/40846/%2081149
28,ur,انکم ٹیکس گوشواروں کے لیے ٹیکس کی مدت,https://urdu.fbr.gov.pk/categ/انکم-ٹیکس-کی-مقررہ-تاریخیں/131444/80921/%20131634
29,en,Income Tax Refund,https://fbr.gov.pk/categ/income-tax-refund/51147/40847/81150
29,ur,انکم ٹیکس ریفنڈ,https://urdu.fbr.gov.pk/categ/انکم-ٹیکس-ریفنڈ/131444/80922/131635
30,en,Centralized System of Online Payment of Income Tax Refunds,https://fbr.gov.pk/categ/income-tax-refund/51147/40847/%20152343
30,ur,انکم ٹیکس ریفنڈ کی آن لائن ادائیگی کے لئے ایک سنٹرلائزڈ سسٹم,https://urdu.fbr.gov.pk/categ/انکم-ٹیکس-ریفنڈ/131444/80922/%20152345
31,en,Right of Appeal,https://fbr.gov.pk/categ/income-tax-appeals/51147/40848/81151
31,ur,اپیل کا حق,https://urdu.fbr.gov.pk/categ/انکم-ٹیکس-کی-اپیلیں/131444/80923/131636
32,en,Persons Eligible to Appeal,https://fbr.gov.pk/categ/income-tax-appeals/51147/40848/%2081152
32,ur,اپیل کے اہل افراد,https://urdu.fbr.gov.pk/categ/انکم-ٹیکس-کی-اپیلیں/131444/80923/%20131637
33,en,Requirements for Making an Appeal,https://fbr.gov.pk/categ/income-tax-appeals/51147/40848/%2081153
33,ur,اپیل کے لیے شرائط,https://urdu.fbr.gov.pk/categ/انکم-ٹیکس-کی-اپیلیں/131444/80923/%20131638
34,en,Time Limit for Making an Appeal,https://fbr.gov.pk/categ/income-tax-appeals/51147/40848/%2081154
34,ur,اپیل دائر کرنے کی مدت,https://urdu.fbr.gov.pk/categ/انکم-ٹیکس-کی-اپیلیں/131444/80923/%20131639